{
    "scaler": {
        "min": [
            0.5000644419113129,
            0.5000296549354373,
            0.4998026068127253,
            0.49991580415085374
        ],
        "scale": [
            0.06758037330525939,
            0.06757936599261907,
            0.06759711687763578,
            0.06758838409791701
        ],
        "feature_range": [
            0,
            1
        ]
    },
    "polynomial": {
        "degree": 2,
        "include_bias": false
    }
}