{
    "scaler": {
        "min": [
            -0.06127890548116902
        ],
        "scale": [
            0.0022122938936453436
        ],
        "feature_range": [
            0,
            1
        ]
    }
}